severity,issue_class,subject,issue_type,scan_performed_on,status,insight,detection_method,risk,recommended_action
Moderate,SPF Record Errors,archstonesecurity.com,Email Security,2025-07-01T19:47:44.614112Z,Active,SPF Record Errors. We detect an incorrect or missing SPF record.,"In your DNS records, you have an MX record for this domain without a corresponding, correctly formed SPF record.",Email Spoofing,Create or update your SPF record. Create or update your SPF record using Cloudflare's DNS Email Security Wizard
Moderate,Users without MFA,kstanford4@gmail.com,Weak authentication,2025-06-28T22:11:42.100402Z,Active,,,,Require two-factor authentication for your account. Require two-factor authentication (2FA) for your Cloudflare account. All members of your Cloudflare account will be required to set up 2FA.
Low,No Turnstile enabled,This account,Configuration suggestion,2025-06-28T22:11:42.304591Z,Active,,,,"Create a Turnstile widget. "
Moderate,"Domains without ""Always Use HTTPS""",ftp.archstonesecurity.com,Insecure configuration,2025-06-28T22:12:43.794655Z,Active,"Domains without ""Always Use HTTPS"". HTTP requests to your host do not redirect to the equivalent HTTPS request.","We've made an HTTP request on port 80 and received a response, but the response was not a 301 redirect to the corresponding HTTPS URL.",Unencrypted data in transit,Enable Always Use HTTPS. Enable Always Use HTTPS in your zone's Cloudflare SSL/TLS Edge Certificates settings.
Moderate,Domains without HSTS,ftp.archstonesecurity.com,Insecure configuration,2025-06-28T22:12:43.794657Z,Active,"Domains without HSTS. HTTP Strict Transport Security is a header which allows a website to specify and enforce security policy in client web browsers. This policy enforcement protects secure websites from downgrade attacks, SSL stripping, and cookie hijacking.",We have made HTTP and HTTPS requests to your hostname to check for the presence of the Strict-Transport-Security header in the response. We have not detected the correct header in the response.,Unencrypted data in transit,Enable HSTS. Enable HSTS in your zone's Cloudflare SSL/TLS Edge Certificates settings.
Moderate,Domains missing TLS Encryption,ftp.archstonesecurity.com,Compliance violation,2025-06-28T22:12:43.79466Z,Active,Domains missing TLS Encryption. We have detected that there is no TLS encryption for this host.,"Your host accepts HTTP connections on port 80 but does not accept HTTPS connections on port 443. As a result, we have determined that you do not have TLS encryption set up for this host.",Unencrypted data in transit,Set up TLS encryption for your host. Update the SSL/TLS encryption mode to Full (strict) for this zone.
Moderate,"Domains without ""Always Use HTTPS""",mail.archstonesecurity.com,Insecure configuration,2025-06-28T22:12:43.918877Z,Active,"Domains without ""Always Use HTTPS"". HTTP requests to your host do not redirect to the equivalent HTTPS request.","We've made an HTTP request on port 80 and received a response, but the response was not a 301 redirect to the corresponding HTTPS URL.",Unencrypted data in transit,Enable Always Use HTTPS. Enable Always Use HTTPS in your zone's Cloudflare SSL/TLS Edge Certificates settings.
Moderate,Domains without HSTS,mail.archstonesecurity.com,Insecure configuration,2025-06-28T22:12:43.918879Z,Active,"Domains without HSTS. HTTP Strict Transport Security is a header which allows a website to specify and enforce security policy in client web browsers. This policy enforcement protects secure websites from downgrade attacks, SSL stripping, and cookie hijacking.",We have made HTTP and HTTPS requests to your hostname to check for the presence of the Strict-Transport-Security header in the response. We have not detected the correct header in the response.,Unencrypted data in transit,Enable HSTS. Enable HSTS in your zone's Cloudflare SSL/TLS Edge Certificates settings.
Moderate,Domains missing TLS Encryption,mail.archstonesecurity.com,Compliance violation,2025-06-28T22:12:43.91888Z,Active,Domains missing TLS Encryption. We have detected that there is no TLS encryption for this host.,"Your host accepts HTTP connections on port 80 but does not accept HTTPS connections on port 443. As a result, we have determined that you do not have TLS encryption set up for this host.",Unencrypted data in transit,Set up TLS encryption for your host. Update the SSL/TLS encryption mode to Full (strict) for this zone.
Moderate,"Domains without ""Always Use HTTPS""",email.archstonesecurity.com,Insecure configuration,2025-06-28T22:12:43.92605Z,Active,"Domains without ""Always Use HTTPS"". HTTP requests to your host do not redirect to the equivalent HTTPS request.","We've made an HTTP request on port 80 and received a response, but the response was not a 301 redirect to the corresponding HTTPS URL.",Unencrypted data in transit,Enable Always Use HTTPS. Enable Always Use HTTPS in your zone's Cloudflare SSL/TLS Edge Certificates settings.
Moderate,Domains without HSTS,email.archstonesecurity.com,Insecure configuration,2025-06-28T22:12:43.926053Z,Active,"Domains without HSTS. HTTP Strict Transport Security is a header which allows a website to specify and enforce security policy in client web browsers. This policy enforcement protects secure websites from downgrade attacks, SSL stripping, and cookie hijacking.",We have made HTTP and HTTPS requests to your hostname to check for the presence of the Strict-Transport-Security header in the response. We have not detected the correct header in the response.,Unencrypted data in transit,Enable HSTS. Enable HSTS in your zone's Cloudflare SSL/TLS Edge Certificates settings.
Moderate,Domains missing TLS Encryption,email.archstonesecurity.com,Compliance violation,2025-06-28T22:12:43.926055Z,Active,Domains missing TLS Encryption. We have detected that there is no TLS encryption for this host.,"Your host accepts HTTP connections on port 80 but does not accept HTTPS connections on port 443. As a result, we have determined that you do not have TLS encryption set up for this host.",Unencrypted data in transit,Set up TLS encryption for your host. Update the SSL/TLS encryption mode to Full (strict) for this zone.
Moderate,"Domains without ""Always Use HTTPS""",msoid.archstonesecurity.com,Insecure configuration,2025-06-28T22:12:44.031864Z,Active,"Domains without ""Always Use HTTPS"". HTTP requests to your host do not redirect to the equivalent HTTPS request.","We've made an HTTP request on port 80 and received a response, but the response was not a 301 redirect to the corresponding HTTPS URL.",Unencrypted data in transit,Enable Always Use HTTPS. Enable Always Use HTTPS in your zone's Cloudflare SSL/TLS Edge Certificates settings.
Moderate,Domains without HSTS,msoid.archstonesecurity.com,Insecure configuration,2025-06-28T22:12:44.031868Z,Active,"Domains without HSTS. HTTP Strict Transport Security is a header which allows a website to specify and enforce security policy in client web browsers. This policy enforcement protects secure websites from downgrade attacks, SSL stripping, and cookie hijacking.",We have made HTTP and HTTPS requests to your hostname to check for the presence of the Strict-Transport-Security header in the response. We have not detected the correct header in the response.,Unencrypted data in transit,Enable HSTS. Enable HSTS in your zone's Cloudflare SSL/TLS Edge Certificates settings.
Moderate,Domains missing TLS Encryption,msoid.archstonesecurity.com,Compliance violation,2025-06-28T22:12:44.03187Z,Active,Domains missing TLS Encryption. We have detected that there is no TLS encryption for this host.,"Your host accepts HTTP connections on port 80 but does not accept HTTPS connections on port 443. As a result, we have determined that you do not have TLS encryption set up for this host.",Unencrypted data in transit,Set up TLS encryption for your host. Update the SSL/TLS encryption mode to Full (strict) for this zone.